{"score_cls\\car": {"pg": 21.01615647814354, "sq": 71.51331023812733, "rq": 29.38775510204082, "iou": 61.28619676652212}, "_timestamp": 1708872797.3057408, "score_cls\\bicycle": {"pg": 0.0, "sq": 0.0, "rq": 0.0, "iou": 0.0}, "score_cls\\motorcycle": {"pg": 0.0, "sq": 0.0, "rq": 0.0, "iou": 0.0}, "score_cls\\truck": {"pg": 0.0, "sq": 0.0, "rq": 0.0, "iou": 0.0}, "score_cls\\bus": {"pg": 0.0, "sq": 0.0, "rq": 0.0, "iou": 0.0}, "score_cls\\person": {"pg": 0.0, "sq": 0.0, "rq": 0.0, "iou": 0.0}, "score_cls\\bicyclist": {"pg": 0.0, "sq": 0.0, "rq": 0.0, "iou": 0.0}, "score_cls\\motorcyclist": {"pg": 0.0, "sq": 0.0, "rq": 0.0, "iou": 0.0}, "score_cls\\road": {"pg": 39.82651324793269, "sq": 68.27402271074175, "rq": 58.333333333333336, "iou": 63.423683871324144}, "score_cls\\parking": {"pg": 0.0, "sq": 0.0, "rq": 0.0, "iou": 4.993312527864467}, "score_cls\\sidewalk": {"pg": 0.0, "sq": 0.0, "rq": 0.0, "iou": 32.23640459079695}, "score_cls\\other-ground": {"pg": 0.0, "sq": 0.0, "rq": 0.0, "iou": 0.0}, "score_cls\\building": {"pg": 25.47873654526103, "sq": 61.14896770862646, "rq": 41.66666666666667, "iou": 50.300871692781335}, "score_cls\\fence": {"pg": 0.0, "sq": 0.0, "rq": 0.0, "iou": 17.472611318255762}, "score_cls\\vegetation": {"pg": 70.97709845755945, "sq": 70.97709845755945, "rq": 100.0, "iou": 70.94862061678019}, "score_cls\\trunk": {"pg": 0.0, "sq": 0.0, "rq": 0.0, "iou": 3.82393213772835}, "score_cls\\terrain": {"pg": 21.404845457253302, "sq": 51.371629097407926, "rq": 41.66666666666667, "iou": 38.95811713054357}, "score_cls\\pole": {"pg": 0.0, "sq": 0.0, "rq": 0.0, "iou": 21.01220953131154}, "score_cls\\traffic-sign": {"pg": 0.0, "sq": 0.0, "rq": 0.0, "iou": 7.169688061407807}, "scores/score": {"pq": 9.405439483481578, "sq": 17.015001484866467, "rq": 14.266022198353024, "miou": 19.559244644490327}, "scores/score_th": {"pq": 2.6270195597679424, "sq": 8.939163779765916, "rq": 3.6734693877551026}, "scores/score_st": {"pq": 14.335199428000585, "sq": 22.88833799766687, "rq": 21.96969696969697}, "class_iou/car": 68.69314442767003, "class_iou/bicycle": 0.0, "class_iou/motorcycle": 0.0, "class_iou/truck": NaN, "class_iou/bus": NaN, "class_iou/person": 0.0, "class_iou/bicyclist": 0.0, "class_iou/motorcyclist": NaN, "class_iou/road": 63.4412068076328, "class_iou/parking": 5.0033504578959125, "class_iou/sidewalk": 32.2437539394102, "class_iou/other-ground": 0.0, "class_iou/building": 50.3294985930252, "class_iou/fence": 17.628689286544272, "class_iou/vegetation": 71.0118251007798, "class_iou/trunk": 3.8266158679232674, "class_iou/terrain": 38.9804219571797, "class_iou/pole": 21.116168612705323, "class_iou/traffic-sign": 7.237059017474448, "miou": 23.719483379265057, "_runtime": 1111.4615058898926, "_step": 9, "loss/avg": 3.882501113982426, "loss/sem": 1.6533323299317133, "loss/center": 0.4554188847541809, "loss/offset": 0.3017827822338967, "loss/inst": 0.548252440634228}